SEP=,
id,d_omega,d_visual,rounds,evaluations,failed evals,duration,inf. n,inf. t0,inf. M0,inf. s0,inf. N_ref,source filename
1,2.0081e+07,1.0637e+07,5,115507,0,217.469,6,0,0.22063,1,9995.66,./Generate_PSMC/sim_0716.psmc
2,2.00808e+07,1.06374e+07,5,102466,0,410.462,6,0,0.220656,1,9996.23,./Generate_PSMC/sim_0716.psmc
3,2.00788e+07,1.06373e+07,5,104801,0,607.832,6,0,0.22071,1,9998.56,./Generate_PSMC/sim_0716.psmc
4,2.00806e+07,1.06371e+07,5,94348,0,773.336,6,0,0.220642,1,9996.1,./Generate_PSMC/sim_0716.psmc
5,2.00871e+07,1.06386e+07,5,114522,0,987.265,6,0,0.220606,1,9993.16,./Generate_PSMC/sim_0716.psmc
