SEP=,
id,d_omega,d_visual,rounds,evaluations,failed evals,duration,inf. n,inf. t0,inf. M0,inf. s0,inf. N_ref,source filename
1,9.09711e+06,6.83653e+06,5,69457,0,129.664,4,0,0.270761,1,9999.06,./Generate_PSMC/sim_0546.psmc
2,9.09771e+06,6.83033e+06,5,62184,0,239.071,4,0,0.270395,1,9993.88,./Generate_PSMC/sim_0546.psmc
3,9.09541e+06,6.82818e+06,5,66630,0,363.427,4,0,0.270543,1,9999.38,./Generate_PSMC/sim_0546.psmc
4,9.09522e+06,6.83152e+06,5,67496,0,489.369,4,0,0.270582,1,9999.62,./Generate_PSMC/sim_0546.psmc
5,9.09777e+06,6.82765e+06,5,67671,0,612.682,4,0,0.270367,1,9993.93,./Generate_PSMC/sim_0546.psmc
