SEP=,
id,d_omega,d_visual,rounds,evaluations,failed evals,duration,inf. n,inf. t0,inf. M0,inf. s0,inf. N_ref,source filename
1,1.3047e+07,7.38433e+06,5,63044,0,118.111,5,0,0.399524,1,9995.76,./Generate_PSMC/sim_0547.psmc
2,1.3044e+07,7.38732e+06,5,66414,0,241.926,5,0,0.399926,1,9999.99,./Generate_PSMC/sim_0547.psmc
3,1.30448e+07,7.39106e+06,5,65797,0,361.83,5,0,0.399947,1,9998.45,./Generate_PSMC/sim_0547.psmc
4,1.30441e+07,7.38799e+06,5,64974,0,482.493,5,0,0.399925,1,9999.85,./Generate_PSMC/sim_0547.psmc
5,1.30442e+07,7.38917e+06,5,66365,0,605.649,5,0,0.400003,1,9999.55,./Generate_PSMC/sim_0547.psmc
