SEP=,
id,d_omega,d_visual,rounds,evaluations,failed evals,duration,inf. n,inf. t0,inf. M0,inf. s0,inf. N_ref,source filename
1,151.838,4948.79,5,39173,0,70.193,3,0,1.89446,1,126.979,./Generate_PSMC/sim_0024.psmc
2,151.837,4965.02,5,42844,0,146.954,3,0,1.89465,1,126.982,./Generate_PSMC/sim_0024.psmc
3,151.841,4944.91,5,40603,0,219.933,3,0,1.89391,1,126.971,./Generate_PSMC/sim_0024.psmc
4,151.831,4953.05,5,40237,0,291.426,3,0,1.89657,1,127.01,./Generate_PSMC/sim_0024.psmc
5,151.843,4955.49,5,40635,0,362.897,3,0,1.89357,1,126.965,./Generate_PSMC/sim_0024.psmc
