SEP=,
id,d_omega,d_visual,rounds,evaluations,failed evals,duration,inf. n,inf. t0,inf. M0,inf. s0,inf. N_ref,source filename
1,6.60818e+07,2.34738e+07,5,91906,0,170.727,3,0,0.0521597,1,9998.43,./Generate_PSMC/sim_0312.psmc
2,6.60803e+07,2.34738e+07,5,83723,0,326.987,3,0,0.0521654,1,9999.46,./Generate_PSMC/sim_0312.psmc
3,6.60803e+07,2.34738e+07,5,78369,0,469.31,3,0,0.0521654,1,9999.46,./Generate_PSMC/sim_0312.psmc
4,6.60826e+07,2.34738e+07,5,87901,0,631.776,3,0,0.0521568,1,9997.9,./Generate_PSMC/sim_0312.psmc
5,6.60803e+07,2.34738e+07,5,77286,0,776.715,3,0,0.0521653,1,9999.45,./Generate_PSMC/sim_0312.psmc
