SEP=,
id,d_omega,d_visual,rounds,evaluations,failed evals,duration,inf. n,inf. t0,inf. M0,inf. s0,inf. N_ref,source filename
1,593239,9.41699e+06,5,39300,0,73.055,5,0,0.240268,1,9783.24,./Generate_PSMC/sim_0667.psmc
2,593216,9.41293e+06,5,38408,0,145.119,5,0,0.238856,1,9737.74,./Generate_PSMC/sim_0667.psmc
3,593218,9.41361e+06,5,37174,0,215.052,5,0,0.239225,1,9749.64,./Generate_PSMC/sim_0667.psmc
4,593229,9.41536e+06,5,40182,0,290.508,5,0,0.23976,1,9766.88,./Generate_PSMC/sim_0667.psmc
5,593233,9.41602e+06,5,37536,0,361.095,5,0,0.239958,1,9773.24,./Generate_PSMC/sim_0667.psmc
