SEP=,
id,d_omega,d_visual,rounds,evaluations,failed evals,duration,inf. n,inf. t0,inf. M0,inf. s0,inf. N_ref,source filename
1,506912,1.06463e+06,5,68423,0,127.022,4,0,0.943232,1,2764.33,./Generate_PSMC/sim_0738.psmc
2,506919,1.06443e+06,5,54664,0,228.633,4,0,0.942705,1,2763.63,./Generate_PSMC/sim_0738.psmc
3,506912,1.06474e+06,5,62221,0,343.992,4,0,0.943636,1,2764.82,./Generate_PSMC/sim_0738.psmc
4,506916,1.06509e+06,5,60357,0,456.016,4,0,0.94436,1,2765.74,./Generate_PSMC/sim_0738.psmc
5,506924,1.06586e+06,5,53918,0,553.245,4,0,0.946062,1,2767.9,./Generate_PSMC/sim_0738.psmc
