SEP=,
id,d_omega,d_visual,rounds,evaluations,failed evals,duration,inf. n,inf. t0,inf. M0,inf. s0,inf. N_ref,source filename
1,7723.78,141093,5,26805,0,49.003,3,0,0.697826,1,461.697,./Generate_PSMC/sim_0091.psmc
2,7724.16,141402,5,30760,0,103.697,3,0,0.70066,1,462.605,./Generate_PSMC/sim_0091.psmc
3,7723.77,141154,5,26812,0,151.105,3,0,0.697891,1,461.718,./Generate_PSMC/sim_0091.psmc
4,7723.82,141205,5,26575,0,199.122,3,0,0.698856,1,462.027,./Generate_PSMC/sim_0091.psmc
5,7723.83,141035,5,27826,0,249.434,3,0,0.697551,1,461.609,./Generate_PSMC/sim_0091.psmc
