SEP=,
id,d_omega,d_visual,rounds,evaluations,failed evals,duration,inf. n,inf. t0,inf. M0,inf. s0,inf. N_ref,source filename
1,8.4292e+06,5.90826e+06,5,58320,0,110.034,5,0,0.716329,1,9997.81,./Generate_PSMC/sim_0603.psmc
2,8.42957e+06,5.9061e+06,5,59553,0,221.965,5,0,0.715906,1,9996.98,./Generate_PSMC/sim_0603.psmc
3,8.42889e+06,5.90813e+06,5,54740,0,325.123,5,0,0.716316,1,9998.79,./Generate_PSMC/sim_0603.psmc
4,8.42869e+06,5.90919e+06,5,60121,0,438.48,5,0,0.716524,1,9999.25,./Generate_PSMC/sim_0603.psmc
5,8.42985e+06,5.90954e+06,5,54530,0,541.073,5,0,0.716361,1,9996.69,./Generate_PSMC/sim_0603.psmc
