SEP=,
id,d_omega,d_visual,rounds,evaluations,failed evals,duration,inf. n,inf. t0,inf. M0,inf. s0,inf. N_ref,source filename
1,19185.7,352106,5,26711,0,48.343,6,0,0.231099,1,242.868,./Generate_PSMC/sim_0114.psmc
2,19185.2,352433,5,26403,0,96.153,6,0,0.232168,1,243.766,./Generate_PSMC/sim_0114.psmc
3,19184.4,352415,5,29533,0,149.589,6,0,0.234051,1,245.345,./Generate_PSMC/sim_0114.psmc
4,19185.9,352558,5,28125,0,200.522,6,0,0.235746,1,246.761,./Generate_PSMC/sim_0114.psmc
5,19184.6,352501,5,29900,0,253.399,6,0,0.233207,1,244.638,./Generate_PSMC/sim_0114.psmc
