SEP=,
id,d_omega,d_visual,rounds,evaluations,failed evals,duration,inf. n,inf. t0,inf. M0,inf. s0,inf. N_ref,source filename
1,3.34031e+08,8.80231e+07,5,96007,0,177.578,8,0,0.0541001,1,9999.35,./Generate_PSMC/sim_0705.psmc
2,3.34073e+08,8.79826e+07,5,82692,0,319.645,8,0,0.0541093,1,9995.76,./Generate_PSMC/sim_0705.psmc
3,3.34041e+08,8.80021e+07,5,86419,0,482.138,8,0,0.0541074,1,9998.18,./Generate_PSMC/sim_0705.psmc
4,3.34095e+08,8.80199e+07,5,88610,0,648.943,8,0,0.0540738,1,9992.3,./Generate_PSMC/sim_0705.psmc
5,3.34038e+08,8.80014e+07,5,90797,0,819.89,8,0,0.0541087,1,9998.41,./Generate_PSMC/sim_0705.psmc
