SEP=,
id,d_omega,d_visual,rounds,evaluations,failed evals,duration,inf. n,inf. t0,inf. M0,inf. s0,inf. N_ref,source filename
1,1.53865e+06,2.72118e+06,5,46688,0,84.419,3,0,0.811086,1,6066.15,./Generate_PSMC/sim_0288.psmc
2,1.53865e+06,2.72162e+06,5,44767,0,166.523,3,0,0.812545,1,6072.47,./Generate_PSMC/sim_0288.psmc
3,1.53857e+06,2.72459e+06,5,39777,0,239.498,3,0,0.814654,1,6078.45,./Generate_PSMC/sim_0288.psmc
4,1.53862e+06,2.7251e+06,5,40296,0,313.586,3,0,0.81542,1,6081.4,./Generate_PSMC/sim_0288.psmc
5,1.53867e+06,2.71951e+06,5,47259,0,398.645,3,0,0.810094,1,6063.17,./Generate_PSMC/sim_0288.psmc
