SEP=,
id,d_omega,d_visual,rounds,evaluations,failed evals,duration,inf. n,inf. t0,inf. M0,inf. s0,inf. N_ref,source filename
1,3.10233,1479.38,5,32383,0,55.294,3,0,3.97335,1,97.7552,./Generate_PSMC/sim_0014.psmc
2,3.10189,1488.52,5,31488,0,109.005,3,0,3.96639,1,97.7363,./Generate_PSMC/sim_0014.psmc
3,3.10177,1498.97,5,35982,0,170.39,3,0,3.96499,1,97.7325,./Generate_PSMC/sim_0014.psmc
4,3.1018,1480.84,5,28929,0,219.851,3,0,3.96249,1,97.7258,./Generate_PSMC/sim_0014.psmc
5,3.10193,1494.38,5,35373,0,278.077,3,0,3.96125,1,97.7224,./Generate_PSMC/sim_0014.psmc
