SEP=,
id,d_omega,d_visual,rounds,evaluations,failed evals,duration,inf. n,inf. t0,inf. M0,inf. s0,inf. N_ref,source filename
1,3.17789e+07,1.22979e+07,5,96425,0,181.206,4,0,0.118755,1,9999.8,./Generate_PSMC/sim_0758.psmc
2,3.17825e+07,1.22979e+07,5,98986,0,349.04,4,0,0.118721,1,9997.24,./Generate_PSMC/sim_0758.psmc
3,3.17855e+07,1.23014e+07,5,95258,0,528.414,4,0,0.118789,1,9999.71,./Generate_PSMC/sim_0758.psmc
4,3.17801e+07,1.22979e+07,5,107660,0,731.342,4,0,0.118744,1,9998.97,./Generate_PSMC/sim_0758.psmc
5,3.1784e+07,1.22979e+07,5,103065,0,925.908,4,0,0.118708,1,9996.25,./Generate_PSMC/sim_0758.psmc
