SEP=,
id,d_omega,d_visual,rounds,evaluations,failed evals,duration,inf. n,inf. t0,inf. M0,inf. s0,inf. N_ref,source filename
1,1.56256e+06,3.5691e+06,5,57219,0,106.24,4,0,1.04209,1,8052.13,./Generate_PSMC/sim_0521.psmc
2,1.56256e+06,3.5765e+06,5,56864,0,201.484,4,0,1.04846,1,8072.05,./Generate_PSMC/sim_0521.psmc
3,1.56254e+06,3.56716e+06,5,55696,0,305.973,4,0,1.03995,1,8045.41,./Generate_PSMC/sim_0521.psmc
4,1.56255e+06,3.56773e+06,5,59769,0,416.628,4,0,1.04035,1,8046.65,./Generate_PSMC/sim_0521.psmc
5,1.56255e+06,3.56788e+06,5,60427,0,509.937,4,0,1.04093,1,8048.5,./Generate_PSMC/sim_0521.psmc
