SEP=,
id,d_omega,d_visual,rounds,evaluations,failed evals,duration,inf. n,inf. t0,inf. M0,inf. s0,inf. N_ref,source filename
1,3.62252e+06,1.52755e+08,5,45683,0,86.023,13,0,0.0514442,1,9998.88,./Generate_PSMC/sim_0855.psmc
2,3.62252e+06,1.52755e+08,5,44874,0,170.489,13,0,0.0514443,1,9998.9,./Generate_PSMC/sim_0855.psmc
3,3.62304e+06,1.52796e+08,5,44390,0,254.008,13,0,0.0514156,1,9994.15,./Generate_PSMC/sim_0855.psmc
4,3.62254e+06,1.52756e+08,5,46847,0,342.233,13,0,0.0514433,1,9998.73,./Generate_PSMC/sim_0855.psmc
5,3.62338e+06,1.52808e+08,5,44488,0,423.141,13,0,0.0514013,1,9990.96,./Generate_PSMC/sim_0855.psmc
