SEP=,
id,d_omega,d_visual,rounds,evaluations,failed evals,duration,inf. n,inf. t0,inf. M0,inf. s0,inf. N_ref,source filename
1,497033,900217,5,50672,0,94.049,4,0,0.644574,1,2165.21,./Generate_PSMC/sim_0563.psmc
2,497029,899585,5,55337,0,191.521,4,0,0.643458,1,2163.11,./Generate_PSMC/sim_0563.psmc
3,497030,899597,5,50251,0,284.577,4,0,0.643586,1,2163.4,./Generate_PSMC/sim_0563.psmc
4,497027,898163,5,50496,0,378.233,4,0,0.641207,1,2159.06,./Generate_PSMC/sim_0563.psmc
5,497029,899344,5,55219,0,477.93,4,0,0.643012,1,2162.25,./Generate_PSMC/sim_0563.psmc
