SEP=,
id,d_omega,d_visual,rounds,evaluations,failed evals,duration,inf. n,inf. t0,inf. M0,inf. s0,inf. N_ref,source filename
1,59.3049,2.34133e+07,5,19172,0,27.354,12,0,0.0525817,1,100.155,./Generate_PSMC/sim_0418.psmc
2,59.3045,2.34264e+07,5,16876,0,56.774,12,0,0.0526845,1,100.135,./Generate_PSMC/sim_0418.psmc
3,59.3043,2.34253e+07,5,18881,0,89.724,12,0,0.0526804,1,100.141,./Generate_PSMC/sim_0418.psmc
4,59.3245,2.2918e+07,5,17788,0,120.729,13,0,0.053007,1,100.202,./Generate_PSMC/sim_0418.psmc
5,59.3045,2.34268e+07,5,17970,0,152.052,12,0,0.0526998,1,100.158,./Generate_PSMC/sim_0418.psmc
