SEP=,
id,d_omega,d_visual,rounds,evaluations,failed evals,duration,inf. n,inf. t0,inf. M0,inf. s0,inf. N_ref,source filename
1,87.6713,208724,5,18026,0,30.363,3,0,0.768274,1,245.789,./Generate_PSMC/sim_0093.psmc
2,87.6739,207212,5,17013,0,59.596,3,0,0.767747,1,246.405,./Generate_PSMC/sim_0093.psmc
3,87.6721,208164,5,17658,0,89.953,3,0,0.768097,1,245.997,./Generate_PSMC/sim_0093.psmc
4,87.6722,208121,5,18301,0,121.396,3,0,0.768073,1,246.024,./Generate_PSMC/sim_0093.psmc
5,87.6731,209118,5,17039,0,150.655,3,0,0.768425,1,245.615,./Generate_PSMC/sim_0093.psmc
