SEP=,
id,d_omega,d_visual,rounds,evaluations,failed evals,duration,inf. n,inf. t0,inf. M0,inf. s0,inf. N_ref,source filename
1,149705,1.85131e+06,5,27946,0,52.037,6,0,0.503215,1,2142.36,./Generate_PSMC/sim_0393.psmc
2,149710,1.83523e+06,5,30692,0,109.115,6,0,0.490997,1,2113.32,./Generate_PSMC/sim_0393.psmc
3,149704,1.83964e+06,5,31376,0,162.991,6,0,0.504177,1,2149.3,./Generate_PSMC/sim_0393.psmc
4,149705,1.84153e+06,5,28792,0,211.855,6,0,0.507121,1,2156.75,./Generate_PSMC/sim_0393.psmc
5,149706,1.84288e+06,5,35456,0,274.741,6,0,0.507925,1,2158.63,./Generate_PSMC/sim_0393.psmc
