SEP=,
id,d_omega,d_visual,rounds,evaluations,failed evals,duration,inf. n,inf. t0,inf. M0,inf. s0,inf. N_ref,source filename
1,3.90537e+07,1.51675e+07,5,118760,0,224.02,9,0,0.269123,1,9994.61,./Generate_PSMC/sim_0814.psmc
2,3.90519e+07,1.51675e+07,5,138272,0,480.072,9,0,0.269181,1,9996.28,./Generate_PSMC/sim_0814.psmc
3,3.9081e+07,1.49412e+07,5,109478,0,685.185,10,0,0.313727,1,9997.66,./Generate_PSMC/sim_0814.psmc
4,3.90643e+07,1.51672e+07,5,117545,0,905.023,9,0,0.268782,1,9984.75,./Generate_PSMC/sim_0814.psmc
5,3.90615e+07,1.51673e+07,5,118306,0,1123.14,9,0,0.268873,1,9987.36,./Generate_PSMC/sim_0814.psmc
