SEP=,
id,d_omega,d_visual,rounds,evaluations,failed evals,duration,inf. n,inf. t0,inf. M0,inf. s0,inf. N_ref,source filename
1,96408.7,3.16829e+06,5,27279,0,44.489,3,0,0.0774078,1,1190.84,./Generate_PSMC/sim_0251.psmc
2,96416.1,3.16833e+06,5,25818,0,91.744,3,0,0.0779278,1,1198.22,./Generate_PSMC/sim_0251.psmc
3,96413.8,3.16908e+06,5,25175,0,137.865,3,0,0.0768037,1,1182.26,./Generate_PSMC/sim_0251.psmc
4,96417.3,3.16991e+06,5,27866,0,188.837,3,0,0.0755848,1,1164.9,./Generate_PSMC/sim_0251.psmc
5,96408.9,3.16854e+06,5,23367,0,231.551,3,0,0.0774182,1,1190.99,./Generate_PSMC/sim_0251.psmc
