SEP=,
id,d_omega,d_visual,rounds,evaluations,failed evals,duration,inf. n,inf. t0,inf. M0,inf. s0,inf. N_ref,source filename
1,292.346,659396,5,19088,0,33.342,11,0,0.163554,1,167.364,./Generate_PSMC/sim_0528.psmc
2,292.34,659812,5,18520,0,65.687,11,0,0.162654,1,166.576,./Generate_PSMC/sim_0528.psmc
3,292.427,658578,5,17309,0,95.87,11,0,0.165521,1,169.084,./Generate_PSMC/sim_0528.psmc
4,292.34,659597,5,18696,0,128.534,11,0,0.162664,1,166.584,./Generate_PSMC/sim_0528.psmc
5,292.335,659259,5,17490,0,159.056,11,0,0.163252,1,167.099,./Generate_PSMC/sim_0528.psmc
