SEP=,
id,d_omega,d_visual,rounds,evaluations,failed evals,duration,inf. n,inf. t0,inf. M0,inf. s0,inf. N_ref,source filename
1,2.23704e+07,1.21669e+07,5,59317,0,108.38,4,0,0.193181,1,9992.94,./Generate_PSMC/sim_0248.psmc
2,2.23668e+07,1.21736e+07,5,65530,0,230.013,4,0,0.193424,1,9997.81,./Generate_PSMC/sim_0248.psmc
3,2.23717e+07,1.21859e+07,5,58269,0,336.6,4,0,0.193499,1,9991.81,./Generate_PSMC/sim_0248.psmc
4,2.23656e+07,1.21706e+07,5,59901,0,446.089,4,0,0.193415,1,9999.78,./Generate_PSMC/sim_0248.psmc
5,2.23654e+07,1.21783e+07,5,67565,0,557.614,4,0,0.193545,1,9999.46,./Generate_PSMC/sim_0248.psmc
