SEP=,
id,d_omega,d_visual,rounds,evaluations,failed evals,duration,inf. n,inf. t0,inf. M0,inf. s0,inf. N_ref,source filename
1,121.526,86495.5,5,22316,0,38.69,13,0,0.977337,1,160.361,./Generate_PSMC/sim_0379.psmc
2,121.529,86413.1,5,22158,0,77.055,13,0,0.974348,1,160.124,./Generate_PSMC/sim_0379.psmc
3,121.524,86452.3,5,20879,0,113.273,13,0,0.980501,1,160.612,./Generate_PSMC/sim_0379.psmc
4,121.524,86444.3,5,22309,0,151.929,13,0,0.981418,1,160.685,./Generate_PSMC/sim_0379.psmc
5,121.523,86460.1,5,20676,0,187.808,13,0,0.983006,1,160.811,./Generate_PSMC/sim_0379.psmc
