SEP=,
id,d_omega,d_visual,rounds,evaluations,failed evals,duration,inf. n,inf. t0,inf. M0,inf. s0,inf. N_ref,source filename
1,291461,810675,5,56901,0,105.984,4,0,1.05212,1,2236.91,./Generate_PSMC/sim_0693.psmc
2,291453,811098,5,59457,0,217.017,4,0,1.05312,1,2237.77,./Generate_PSMC/sim_0693.psmc
3,291457,810813,5,57879,0,324.685,4,0,1.05255,1,2237.27,./Generate_PSMC/sim_0693.psmc
4,291444,811297,5,62796,0,441.799,4,0,1.05426,1,2238.74,./Generate_PSMC/sim_0693.psmc
5,291468,810360,5,57814,0,546.877,4,0,1.05115,1,2236.08,./Generate_PSMC/sim_0693.psmc
