SEP=,
id,d_omega,d_visual,rounds,evaluations,failed evals,duration,inf. n,inf. t0,inf. M0,inf. s0,inf. N_ref,source filename
1,1.56668e+07,7.87443e+06,5,59010,0,109.836,5,0,0.450777,1,9998.13,./Generate_PSMC/sim_0452.psmc
2,1.56671e+07,7.86854e+06,5,58546,0,216.246,5,0,0.450505,1,9999.25,./Generate_PSMC/sim_0452.psmc
3,1.56663e+07,7.87928e+06,5,55436,0,320.115,5,0,0.451095,1,9999.66,./Generate_PSMC/sim_0452.psmc
4,1.56669e+07,7.87234e+06,5,60375,0,433.219,5,0,0.450678,1,9998.55,./Generate_PSMC/sim_0452.psmc
5,1.56685e+07,7.87996e+06,5,58337,0,542.623,5,0,0.451023,1,9995.84,./Generate_PSMC/sim_0452.psmc
