SEP=,
id,d_omega,d_visual,rounds,evaluations,failed evals,duration,inf. n,inf. t0,inf. M0,inf. s0,inf. N_ref,source filename
1,28.6247,7.63196e+07,5,26892,0,46.714,43,0,0.05,1,98.8825,./Generate_PSMC/sim_0312.psmc
2,28.6247,7.63195e+07,5,21570,0,82.917,43,0,0.05,1,98.8871,./Generate_PSMC/sim_0312.psmc
3,28.6302,7.60158e+07,5,16128,0,110.015,44,0,0.05,1,98.8778,./Generate_PSMC/sim_0312.psmc
4,28.6246,7.63187e+07,5,17048,0,139.767,43,0,0.05,1,98.8905,./Generate_PSMC/sim_0312.psmc
5,28.6397,7.69347e+07,5,15768,0,167.288,41,0,0.05,1,98.9845,./Generate_PSMC/sim_0312.psmc
