SEP=,
id,d_omega,d_visual,rounds,evaluations,failed evals,duration,inf. n,inf. t0,inf. M0,inf. s0,inf. N_ref,source filename
1,17411.3,1.04763e+06,5,39298,0,72.769,6,0,0.0512982,1,127.497,./Generate_PSMC/sim_0101.psmc
2,17411.6,1.04959e+06,5,34468,0,126.158,6,0,0.0504368,1,125.461,./Generate_PSMC/sim_0101.psmc
3,17411.1,1.04801e+06,5,32988,0,184.949,6,0,0.0512286,1,127.333,./Generate_PSMC/sim_0101.psmc
4,17411.7,1.04925e+06,5,32666,0,243.621,6,0,0.0512614,1,127.33,./Generate_PSMC/sim_0101.psmc
5,17412.3,1.04684e+06,5,32180,0,301.463,6,0,0.0515104,1,127.998,./Generate_PSMC/sim_0101.psmc
