SEP=,
id,d_omega,d_visual,rounds,evaluations,failed evals,duration,inf. n,inf. t0,inf. M0,inf. s0,inf. N_ref,source filename
1,112774,1.01944e+06,5,45082,0,83.804,8,0,1.29237,1,1776.2,./Generate_PSMC/sim_0616.psmc
2,112776,1.01985e+06,5,43358,0,161.857,8,0,1.301,1,1780.9,./Generate_PSMC/sim_0616.psmc
3,112773,1.02064e+06,5,35026,0,226.893,8,0,1.29808,1,1779.31,./Generate_PSMC/sim_0616.psmc
4,112774,1.01988e+06,5,44585,0,309.539,8,0,1.29249,1,1776.27,./Generate_PSMC/sim_0616.psmc
5,112773,1.02166e+06,5,39303,0,382.364,8,0,1.29814,1,1779.35,./Generate_PSMC/sim_0616.psmc
