SEP=,
id,d_omega,d_visual,rounds,evaluations,failed evals,duration,inf. n,inf. t0,inf. M0,inf. s0,inf. N_ref,source filename
1,53112.6,577942,5,29273,0,53.977,5,0,0.660818,1,1123.66,./Generate_PSMC/sim_0428.psmc
2,53111.8,577974,5,30611,0,110.73,5,0,0.661596,1,1124.4,./Generate_PSMC/sim_0428.psmc
3,53111.4,574790,5,30034,0,165.914,5,0,0.664125,1,1128.3,./Generate_PSMC/sim_0428.psmc
4,53111.1,575469,5,37951,0,236.128,5,0,0.663137,1,1127.02,./Generate_PSMC/sim_0428.psmc
5,53113.6,577703,5,29770,0,289.213,5,0,0.659942,1,1122.84,./Generate_PSMC/sim_0428.psmc
