SEP=,
id,d_omega,d_visual,rounds,evaluations,failed evals,duration,inf. n,inf. t0,inf. M0,inf. s0,inf. N_ref,source filename
1,3.05345e+06,4.87354e+06,5,72337,0,131.945,4,0,0.737582,1,9999.66,./Generate_PSMC/sim_0641.psmc
2,3.05624e+06,4.87152e+06,5,59884,0,243.329,4,0,0.736294,1,9990.94,./Generate_PSMC/sim_0641.psmc
3,3.05383e+06,4.87352e+06,5,61347,0,357.459,4,0,0.737405,1,9998.46,./Generate_PSMC/sim_0641.psmc
4,3.05367e+06,4.87304e+06,5,67069,0,481.404,4,0,0.737464,1,9998.99,./Generate_PSMC/sim_0641.psmc
5,3.05366e+06,4.87457e+06,5,57087,0,575.872,4,0,0.737727,1,9999.84,./Generate_PSMC/sim_0641.psmc
