SEP=,
id,d_omega,d_visual,rounds,evaluations,failed evals,duration,inf. n,inf. t0,inf. M0,inf. s0,inf. N_ref,source filename
1,124.171,127132,5,19086,0,33.23,14,0,0.94358,1,142.334,./Generate_PSMC/sim_0352.psmc
2,124.172,127030,5,19285,0,66.593,14,0,0.94013,1,142.075,./Generate_PSMC/sim_0352.psmc
3,124.171,127258,5,17534,0,97.544,14,0,0.945214,1,142.456,./Generate_PSMC/sim_0352.psmc
4,124.17,127096,5,18925,0,130.935,14,0,0.947787,1,142.648,./Generate_PSMC/sim_0352.psmc
5,124.174,127204,5,18036,0,162.77,14,0,0.95426,1,143.128,./Generate_PSMC/sim_0352.psmc
