SEP=,
id,d_omega,d_visual,rounds,evaluations,failed evals,duration,inf. n,inf. t0,inf. M0,inf. s0,inf. N_ref,source filename
1,28.711,3.62496e+08,5,15395,0,21.447,148,0,0.05,1,98.4035,./Generate_PSMC/sim_0851.psmc
2,28.7128,3.62222e+08,5,19693,0,56.511,151,0,0.05,1,98.4704,./Generate_PSMC/sim_0851.psmc
3,28.7118,3.62847e+08,5,34245,0,117.208,144,0,0.05,1,98.45,./Generate_PSMC/sim_0851.psmc
4,28.7251,3.63283e+08,5,21688,0,155.687,140,0,0.0500717,1,98.3689,./Generate_PSMC/sim_0851.psmc
5,28.7156,3.61996e+08,5,38851,0,224.977,154,0,0.05,1,98.4179,./Generate_PSMC/sim_0851.psmc
