SEP=,
id,d_omega,d_visual,rounds,evaluations,failed evals,duration,inf. n,inf. t0,inf. M0,inf. s0,inf. N_ref,source filename
1,320.381,1.12764e+06,5,14328,0,24.9,12,0,0.311172,1,170.477,./Generate_PSMC/sim_0333.psmc
2,320.403,1.14555e+06,5,14413,0,49.96,12,0,0.300508,1,165,./Generate_PSMC/sim_0333.psmc
3,320.405,1.12746e+06,5,14216,0,74.713,12,0,0.315218,1,172.144,./Generate_PSMC/sim_0333.psmc
4,320.366,1.14546e+06,5,14349,0,99.651,12,0,0.304257,1,166.563,./Generate_PSMC/sim_0333.psmc
5,320.379,1.12795e+06,5,14895,0,125.523,12,0,0.310209,1,170.078,./Generate_PSMC/sim_0333.psmc
