SEP=,
id,d_omega,d_visual,rounds,evaluations,failed evals,duration,inf. n,inf. t0,inf. M0,inf. s0,inf. N_ref,source filename
1,12410.8,157083,5,38772,0,71.748,6,0,0.730607,1,467.73,./Generate_PSMC/sim_0500.psmc
2,12410.7,157216,5,42334,0,146.705,6,0,0.731469,1,468.025,./Generate_PSMC/sim_0500.psmc
3,12411.3,156865,5,41966,0,223.585,6,0,0.726552,1,466.335,./Generate_PSMC/sim_0500.psmc
4,12411.2,157384,5,40992,0,293.543,6,0,0.733602,1,468.755,./Generate_PSMC/sim_0500.psmc
5,12410.9,157272,5,42032,0,355.83,6,0,0.733042,1,468.564,./Generate_PSMC/sim_0500.psmc
