SEP=,
id,d_omega,d_visual,rounds,evaluations,failed evals,duration,inf. n,inf. t0,inf. M0,inf. s0,inf. N_ref,source filename
1,3.99552,9.68562e+06,5,35162,0,58.984,4,0,0.05,1,98.8891,./Generate_PSMC/sim_0041.psmc
2,3.99553,9.68564e+06,5,32392,0,115.112,4,0,0.05,1,98.8886,./Generate_PSMC/sim_0041.psmc
3,3.99559,9.68538e+06,5,30224,0,167.414,4,0,0.05,1,98.9001,./Generate_PSMC/sim_0041.psmc
4,3.99553,9.68563e+06,5,26933,0,214.013,4,0,0.05,1,98.8895,./Generate_PSMC/sim_0041.psmc
5,3.99552,9.68564e+06,5,31627,0,268.714,4,0,0.05,1,98.8892,./Generate_PSMC/sim_0041.psmc
