SEP=,
id,d_omega,d_visual,rounds,evaluations,failed evals,duration,inf. n,inf. t0,inf. M0,inf. s0,inf. N_ref,source filename
1,80492.9,1.24456e+06,5,26781,0,49.78,5,0,0.318296,1,1138.47,./Generate_PSMC/sim_0257.psmc
2,80498.3,1.23059e+06,5,27965,0,101.716,5,0,0.324211,1,1158.3,./Generate_PSMC/sim_0257.psmc
3,80491.8,1.24327e+06,5,26515,0,151.005,5,0,0.315462,1,1130.99,./Generate_PSMC/sim_0257.psmc
4,80492.2,1.2438e+06,5,24117,0,191.726,5,0,0.316533,1,1133.82,./Generate_PSMC/sim_0257.psmc
5,80492.6,1.24415e+06,5,22867,0,232.265,5,0,0.31755,1,1136.5,./Generate_PSMC/sim_0257.psmc
