SEP=,
id,d_omega,d_visual,rounds,evaluations,failed evals,duration,inf. n,inf. t0,inf. M0,inf. s0,inf. N_ref,source filename
1,18.6223,1.22496e+06,5,22157,0,38.168,4,0,0.227556,1,101.171,./Generate_PSMC/sim_0030.psmc
2,18.6223,1.22496e+06,5,19029,0,70.972,4,0,0.227584,1,101.182,./Generate_PSMC/sim_0030.psmc
3,18.6228,1.22494e+06,5,20779,0,104.7,4,0,0.227675,1,101.215,./Generate_PSMC/sim_0030.psmc
4,18.6224,1.22502e+06,5,21433,0,141.441,4,0,0.22759,1,101.184,./Generate_PSMC/sim_0030.psmc
5,18.6223,1.22497e+06,5,19303,0,174.717,4,0,0.227557,1,101.172,./Generate_PSMC/sim_0030.psmc
