SEP=,
id,d_omega,d_visual,rounds,evaluations,failed evals,duration,inf. n,inf. t0,inf. M0,inf. s0,inf. N_ref,source filename
1,1.04345e+06,1.81362e+06,5,59304,0,111.027,4,0,1.89896,1,4408.65,./Generate_PSMC/sim_0616.psmc
2,1.04347e+06,1.81289e+06,5,62034,0,227.325,4,0,1.8936,1,4405.38,./Generate_PSMC/sim_0616.psmc
3,1.04344e+06,1.81405e+06,5,64911,0,344.28,4,0,1.90096,1,4409.8,./Generate_PSMC/sim_0616.psmc
4,1.04344e+06,1.81412e+06,5,64667,0,463.525,4,0,1.90186,1,4410.4,./Generate_PSMC/sim_0616.psmc
5,1.04344e+06,1.81439e+06,5,71393,0,593.163,4,0,1.90419,1,4411.76,./Generate_PSMC/sim_0616.psmc
