SEP=,
id,d_omega,d_visual,rounds,evaluations,failed evals,duration,inf. n,inf. t0,inf. M0,inf. s0,inf. N_ref,source filename
1,45465.2,441774,5,56905,0,97.53,9,0,1.35245,1,878.704,./Generate_PSMC/sim_0529.psmc
2,45464.8,442378,5,54578,0,198.283,9,0,1.37748,1,884.983,./Generate_PSMC/sim_0529.psmc
3,45464.5,441791,5,53525,0,290.489,9,0,1.35419,1,879.146,./Generate_PSMC/sim_0529.psmc
4,45464.8,441780,5,50320,0,380.053,9,0,1.35556,1,879.493,./Generate_PSMC/sim_0529.psmc
5,45465.2,442034,5,49351,0,471.603,9,0,1.35892,1,880.34,./Generate_PSMC/sim_0529.psmc
