SEP=,
id,d_omega,d_visual,rounds,evaluations,failed evals,duration,inf. n,inf. t0,inf. M0,inf. s0,inf. N_ref,source filename
1,1836.43,53378.2,5,25180,0,45.482,3,0,0.243192,1,121.097,./Generate_PSMC/sim_0020.psmc
2,1836.43,53356.9,5,25493,0,91.417,3,0,0.243189,1,121.095,./Generate_PSMC/sim_0020.psmc
3,1836.45,53385.8,5,24366,0,135.366,3,0,0.243383,1,121.17,./Generate_PSMC/sim_0020.psmc
4,1836.45,53415.7,5,24169,0,179.1,3,0,0.243443,1,121.193,./Generate_PSMC/sim_0020.psmc
5,1836.46,53349.7,5,25770,0,225.745,3,0,0.242737,1,120.922,./Generate_PSMC/sim_0020.psmc
