SEP=,
id,d_omega,d_visual,rounds,evaluations,failed evals,duration,inf. n,inf. t0,inf. M0,inf. s0,inf. N_ref,source filename
1,10391.6,188577,5,36227,0,65.727,3,0,1.37796,1,685.236,./Generate_PSMC/sim_0169.psmc
2,10391.5,188609,5,35187,0,129.537,3,0,1.37722,1,685.128,./Generate_PSMC/sim_0169.psmc
3,10391.4,188563,5,40187,0,198.008,3,0,1.37667,1,685.048,./Generate_PSMC/sim_0169.psmc
4,10391.2,188519,5,35380,0,246.729,3,0,1.37455,1,684.739,./Generate_PSMC/sim_0169.psmc
5,10391.4,188555,5,33212,0,305.779,3,0,1.37616,1,684.973,./Generate_PSMC/sim_0169.psmc
