SEP=,
id,d_omega,d_visual,rounds,evaluations,failed evals,duration,inf. n,inf. t0,inf. M0,inf. s0,inf. N_ref,source filename
1,3.01831e+06,4.23594e+06,5,46584,0,85.985,4,0,0.931854,1,8645.69,./Generate_PSMC/sim_0283.psmc
2,3.01832e+06,4.23836e+06,5,43898,0,160.788,4,0,0.93352,1,8651.19,./Generate_PSMC/sim_0283.psmc
3,3.01838e+06,4.23724e+06,5,45732,0,245.216,4,0,0.933684,1,8655.07,./Generate_PSMC/sim_0283.psmc
4,3.01831e+06,4.23335e+06,5,43506,0,322.04,4,0,0.930786,1,8643.03,./Generate_PSMC/sim_0283.psmc
5,3.01827e+06,4.23465e+06,5,44814,0,404.937,4,0,0.93077,1,8640.2,./Generate_PSMC/sim_0283.psmc
