SEP=,
id,d_omega,d_visual,rounds,evaluations,failed evals,duration,inf. n,inf. t0,inf. M0,inf. s0,inf. N_ref,source filename
1,216.93,5.61969e+07,5,15988,0,28.24,28,0,0.0514478,1,100.774,./Generate_PSMC/sim_0871.psmc
2,216.935,5.60847e+07,5,15781,0,56.252,28,0,0.0510276,1,100.881,./Generate_PSMC/sim_0871.psmc
3,217.014,5.62444e+07,5,14235,0,81.523,31,0,0.0572961,1,100.506,./Generate_PSMC/sim_0871.psmc
4,216.942,5.63942e+07,5,16496,0,110.759,28,0,0.0522405,1,100.632,./Generate_PSMC/sim_0871.psmc
5,216.944,5.62272e+07,5,15275,0,137.765,29,0,0.0533975,1,100.592,./Generate_PSMC/sim_0871.psmc
