SEP=,
id,d_omega,d_visual,rounds,evaluations,failed evals,duration,inf. n,inf. t0,inf. M0,inf. s0,inf. N_ref,source filename
1,109045,1.01714e+06,5,52069,0,95.776,8,0,1.22558,1,1833.41,./Generate_PSMC/sim_0688.psmc
2,109042,1.01694e+06,5,51540,0,153.482,8,0,1.22059,1,1830.34,./Generate_PSMC/sim_0688.psmc
3,109050,1.01775e+06,5,48200,0,238.324,8,0,1.23368,1,1838.37,./Generate_PSMC/sim_0688.psmc
4,109042,1.01801e+06,5,47123,0,326.306,8,0,1.22198,1,1831.19,./Generate_PSMC/sim_0688.psmc
5,109052,1.01805e+06,5,47841,0,415.788,8,0,1.23629,1,1839.96,./Generate_PSMC/sim_0688.psmc
