SEP=,
id,d_omega,d_visual,rounds,evaluations,failed evals,duration,inf. n,inf. t0,inf. M0,inf. s0,inf. N_ref,source filename
1,59060.6,121806,5,59212,0,107.979,5,0,0.488501,1,336.065,./Generate_PSMC/sim_0197.psmc
2,59061.6,121340,5,57134,0,210.075,5,0,0.484448,1,334.288,./Generate_PSMC/sim_0197.psmc
3,59061,121544,5,66756,0,331.409,5,0,0.486007,1,334.969,./Generate_PSMC/sim_0197.psmc
4,59060.6,121817,5,65644,0,452.591,5,0,0.48838,1,336.008,./Generate_PSMC/sim_0197.psmc
5,59060.6,121836,5,65377,0,572.195,5,0,0.488644,1,336.128,./Generate_PSMC/sim_0197.psmc
