SEP=,
id,d_omega,d_visual,rounds,evaluations,failed evals,duration,inf. n,inf. t0,inf. M0,inf. s0,inf. N_ref,source filename
1,1.1625e+06,3.58943e+07,5,52677,0,95.995,5,0,0.0617647,1,9981.33,./Generate_PSMC/sim_0540.psmc
2,1.16244e+06,3.58915e+07,5,45886,0,182.514,5,0,0.0617951,1,9985.95,./Generate_PSMC/sim_0540.psmc
3,1.16228e+06,3.58832e+07,5,49866,0,275.986,5,0,0.0618858,1,9999.73,./Generate_PSMC/sim_0540.psmc
4,1.16234e+06,3.58865e+07,5,48819,0,366.964,5,0,0.0618502,1,9994.32,./Generate_PSMC/sim_0540.psmc
5,1.16239e+06,3.58887e+07,5,49736,0,459.951,5,0,0.0618258,1,9990.62,./Generate_PSMC/sim_0540.psmc
