SEP=,
id,d_omega,d_visual,rounds,evaluations,failed evals,duration,inf. n,inf. t0,inf. M0,inf. s0,inf. N_ref,source filename
1,147.745,446027,5,14144,0,24.513,9,0,0.359227,1,153.121,./Generate_PSMC/sim_0401.psmc
2,147.739,443178,5,14660,0,49.903,9,0,0.354696,1,151.977,./Generate_PSMC/sim_0401.psmc
3,147.739,443423,5,13926,0,73.537,9,0,0.354989,1,152.05,./Generate_PSMC/sim_0401.psmc
4,147.739,442649,5,14007,0,98.22,9,0,0.353802,1,151.751,./Generate_PSMC/sim_0401.psmc
5,147.738,444848,5,14107,0,123.412,9,0,0.357284,1,152.629,./Generate_PSMC/sim_0401.psmc
