SEP=,
id,d_omega,d_visual,rounds,evaluations,failed evals,duration,inf. n,inf. t0,inf. M0,inf. s0,inf. N_ref,source filename
1,2.28877e+06,4.39453e+06,5,82450,0,154.567,5,0,1.68675,1,9574.22,./Generate_PSMC/sim_0487.psmc
2,2.28888e+06,4.39761e+06,5,80334,0,305.266,5,0,1.69334,1,9585.49,./Generate_PSMC/sim_0487.psmc
3,2.28877e+06,4.39471e+06,5,69201,0,434.97,5,0,1.6863,1,9573.39,./Generate_PSMC/sim_0487.psmc
4,2.28879e+06,4.38846e+06,5,63717,0,551.164,5,0,1.67267,1,9549.73,./Generate_PSMC/sim_0487.psmc
5,2.28872e+06,4.39626e+06,5,70322,0,681.82,5,0,1.69041,1,9580.46,./Generate_PSMC/sim_0487.psmc
