SEP=,
id,d_omega,d_visual,rounds,evaluations,failed evals,duration,inf. n,inf. t0,inf. M0,inf. s0,inf. N_ref,source filename
1,3.01179e+06,9.51111e+07,5,30995,0,57.432,7,0,0.0500789,1,10000,./Generate_PSMC/sim_0703.psmc
2,3.01179e+06,9.51111e+07,5,29306,0,110.866,7,0,0.0500789,1,10000,./Generate_PSMC/sim_0703.psmc
3,3.01179e+06,9.51111e+07,5,31157,0,166.83,7,0,0.0500789,1,10000,./Generate_PSMC/sim_0703.psmc
4,3.01179e+06,9.51111e+07,5,33156,0,227.999,7,0,0.0500789,1,10000,./Generate_PSMC/sim_0703.psmc
5,3.01179e+06,9.51111e+07,5,28565,0,280.978,7,0,0.0500789,1,10000,./Generate_PSMC/sim_0703.psmc
