SEP=,
id,d_omega,d_visual,rounds,evaluations,failed evals,duration,inf. n,inf. t0,inf. M0,inf. s0,inf. N_ref,source filename
1,93197.5,2.2645e+06,5,25478,0,44.632,2,0,0.0506682,1,1285.55,./Generate_PSMC/sim_0285.psmc
2,93224.7,2.38044e+06,5,21197,0,83.934,3,0,0.121339,1,1408.34,./Generate_PSMC/sim_0285.psmc
3,93224.7,2.37016e+06,5,23264,0,127.058,3,0,0.121027,1,1407.52,./Generate_PSMC/sim_0285.psmc
4,93224.6,2.34863e+06,5,21164,0,164.491,3,0,0.120384,1,1405.78,./Generate_PSMC/sim_0285.psmc
5,93227.5,2.39397e+06,5,23132,0,203.879,3,0,0.122119,1,1412.95,./Generate_PSMC/sim_0285.psmc
