SEP=,
id,d_omega,d_visual,rounds,evaluations,failed evals,duration,inf. n,inf. t0,inf. M0,inf. s0,inf. N_ref,source filename
1,3.28257e+06,4.75626e+06,5,68415,0,127.428,4,0,0.737597,1,9999.91,./Generate_PSMC/sim_0640.psmc
2,3.28312e+06,4.75515e+06,5,67600,0,248.935,4,0,0.737395,1,9998.55,./Generate_PSMC/sim_0640.psmc
3,3.28256e+06,4.7564e+06,5,60290,0,340.457,4,0,0.737598,1,9999.94,./Generate_PSMC/sim_0640.psmc
4,3.28295e+06,4.7553e+06,5,70013,0,471.94,4,0,0.737462,1,9998.97,./Generate_PSMC/sim_0640.psmc
5,3.28282e+06,4.75619e+06,5,68001,0,599.8,4,0,0.737509,1,9999.3,./Generate_PSMC/sim_0640.psmc
