SEP=,
id,d_omega,d_visual,rounds,evaluations,failed evals,duration,inf. n,inf. t0,inf. M0,inf. s0,inf. N_ref,source filename
1,69.6273,4.43368e+06,5,16148,0,28.044,15,0,0.123335,1,101.599,./Generate_PSMC/sim_0228.psmc
2,69.6212,4.43288e+06,5,16339,0,56.553,15,0,0.123058,1,101.418,./Generate_PSMC/sim_0228.psmc
3,69.6212,4.43446e+06,5,15780,0,84.798,15,0,0.123045,1,101.385,./Generate_PSMC/sim_0228.psmc
4,69.6209,4.43358e+06,5,16699,0,114.561,15,0,0.123085,1,101.416,./Generate_PSMC/sim_0228.psmc
5,69.6243,4.43393e+06,5,17241,0,142.264,15,0,0.123269,1,101.55,./Generate_PSMC/sim_0228.psmc
