SEP=,
id,d_omega,d_visual,rounds,evaluations,failed evals,duration,inf. n,inf. t0,inf. M0,inf. s0,inf. N_ref,source filename
1,24.0198,1.2903e+08,5,17360,0,30.295,59,0,0.0500099,1,98.596,./Generate_PSMC/sim_0628.psmc
2,24.0115,1.28317e+08,5,21497,0,67.796,62,0,0.05,1,98.5716,./Generate_PSMC/sim_0628.psmc
3,24.0149,1.28754e+08,5,22126,0,106.37,60,0,0.05,1,98.7443,./Generate_PSMC/sim_0628.psmc
4,24.0105,1.28303e+08,5,29648,0,155.794,62,0,0.05,1,98.6411,./Generate_PSMC/sim_0628.psmc
5,24.012,1.28286e+08,5,16339,0,180.805,62,0,0.05,1,98.7246,./Generate_PSMC/sim_0628.psmc
