SEP=,
id,d_omega,d_visual,rounds,evaluations,failed evals,duration,inf. n,inf. t0,inf. M0,inf. s0,inf. N_ref,source filename
1,3.83213e+06,1.91382e+08,5,28257,0,53.187,12,0,0.0502095,1,10000,./Generate_PSMC/sim_0852.psmc
2,3.83213e+06,1.91382e+08,5,27388,0,101.673,12,0,0.0502095,1,10000,./Generate_PSMC/sim_0852.psmc
3,3.83213e+06,1.91382e+08,5,28366,0,154.934,12,0,0.0502095,1,10000,./Generate_PSMC/sim_0852.psmc
4,3.83213e+06,1.91382e+08,5,28977,0,209.39,12,0,0.0502095,1,10000,./Generate_PSMC/sim_0852.psmc
5,3.83213e+06,1.91382e+08,5,26968,0,260.113,12,0,0.0502095,1,10000,./Generate_PSMC/sim_0852.psmc
