SEP=,
id,d_omega,d_visual,rounds,evaluations,failed evals,duration,inf. n,inf. t0,inf. M0,inf. s0,inf. N_ref,source filename
1,3.44608e+07,1.41276e+07,5,116328,0,210.113,11,0,0.361567,1,9996.17,./Generate_PSMC/sim_0815.psmc
2,3.44563e+07,1.41274e+07,5,131692,0,462.954,11,0,0.361452,1,9995.07,./Generate_PSMC/sim_0815.psmc
3,3.44528e+07,1.41275e+07,5,127174,0,709.341,11,0,0.361583,1,9998.21,./Generate_PSMC/sim_0815.psmc
4,3.44533e+07,1.41275e+07,5,119089,0,937.893,11,0,0.361559,1,9997.74,./Generate_PSMC/sim_0815.psmc
5,3.44547e+07,1.41275e+07,5,147977,0,1210.75,11,0,0.361486,1,9996.26,./Generate_PSMC/sim_0815.psmc
