SEP=,
id,d_omega,d_visual,rounds,evaluations,failed evals,duration,inf. n,inf. t0,inf. M0,inf. s0,inf. N_ref,source filename
1,3.82321e+08,9.92209e+07,5,88261,0,164.769,8,0,0.0528448,1,9996.85,./Generate_PSMC/sim_0748.psmc
2,3.82316e+08,9.92176e+07,5,75126,0,305.008,8,0,0.0528482,1,9997.3,./Generate_PSMC/sim_0748.psmc
3,3.82375e+08,9.9237e+07,5,80599,0,455.541,8,0,0.0528176,1,9991.8,./Generate_PSMC/sim_0748.psmc
4,3.82292e+08,9.92095e+07,5,90584,0,624.342,8,0,0.052861,1,9999.59,./Generate_PSMC/sim_0748.psmc
5,3.82342e+08,9.91876e+07,5,77258,0,750.587,8,0,0.0528594,1,9995.67,./Generate_PSMC/sim_0748.psmc
