SEP=,
id,d_omega,d_visual,rounds,evaluations,failed evals,duration,inf. n,inf. t0,inf. M0,inf. s0,inf. N_ref,source filename
1,37334,163038,5,81636,0,148.683,5,0,1.98392,1,597.368,./Generate_PSMC/sim_0379.psmc
2,37329.5,162931,5,75251,0,285.484,5,0,1.97829,1,596.914,./Generate_PSMC/sim_0379.psmc
3,37336.7,162822,5,88986,0,444.369,5,0,1.9709,1,596.314,./Generate_PSMC/sim_0379.psmc
4,37330.6,163010,5,68600,0,571.102,5,0,1.97968,1,597.026,./Generate_PSMC/sim_0379.psmc
5,37335.1,162850,5,70892,0,702.563,5,0,1.97212,1,596.414,./Generate_PSMC/sim_0379.psmc
