SEP=,
id,d_omega,d_visual,rounds,evaluations,failed evals,duration,inf. n,inf. t0,inf. M0,inf. s0,inf. N_ref,source filename
1,440.408,3.00844e+06,5,20036,0,35.001,8,0,0.0516946,1,182.374,./Generate_PSMC/sim_0733.psmc
2,440.438,3.01285e+06,5,19614,0,69.23,8,0,0.0512047,1,180.731,./Generate_PSMC/sim_0733.psmc
3,440.405,3.00894e+06,5,20863,0,102.985,8,0,0.0517403,1,182.527,./Generate_PSMC/sim_0733.psmc
4,440.41,2.97499e+06,5,18996,0,136.134,8,0,0.0514162,1,182.342,./Generate_PSMC/sim_0733.psmc
5,440.423,3.01119e+06,5,22701,0,175.697,8,0,0.0514653,1,181.605,./Generate_PSMC/sim_0733.psmc
