SEP=,
id,d_omega,d_visual,rounds,evaluations,failed evals,duration,inf. n,inf. t0,inf. M0,inf. s0,inf. N_ref,source filename
1,358.587,3.08096e+06,5,12454,0,21.664,12,0,0.244441,1,144.796,./Generate_PSMC/sim_0464.psmc
2,358.712,3.10729e+06,5,13771,0,45.598,12,0,0.23903,1,140.946,./Generate_PSMC/sim_0464.psmc
3,358.592,3.09905e+06,5,13120,0,68.409,12,0,0.247684,1,145.361,./Generate_PSMC/sim_0464.psmc
4,358.63,3.08014e+06,5,13246,0,91.423,12,0,0.250183,1,147.497,./Generate_PSMC/sim_0464.psmc
5,358.607,3.08036e+06,5,11930,0,112.149,12,0,0.248137,1,146.537,./Generate_PSMC/sim_0464.psmc
