SEP=,
id,d_omega,d_visual,rounds,evaluations,failed evals,duration,inf. n,inf. t0,inf. M0,inf. s0,inf. N_ref,source filename
1,3.79683e+06,5.22183e+06,5,63001,0,118.335,5,0,0.712547,1,9998.87,./Generate_PSMC/sim_0515.psmc
2,3.7967e+06,5.21981e+06,5,70199,0,242.458,5,0,0.712613,1,9999.37,./Generate_PSMC/sim_0515.psmc
3,3.79721e+06,5.21925e+06,5,64776,0,363.988,5,0,0.712344,1,9997.35,./Generate_PSMC/sim_0515.psmc
4,3.79702e+06,5.21906e+06,5,56767,0,463.104,5,0,0.712442,1,9998.09,./Generate_PSMC/sim_0515.psmc
5,3.798e+06,5.21916e+06,5,64281,0,580.965,5,0,0.71192,1,9994.19,./Generate_PSMC/sim_0515.psmc
