SEP=,
id,d_omega,d_visual,rounds,evaluations,failed evals,duration,inf. n,inf. t0,inf. M0,inf. s0,inf. N_ref,source filename
1,3.13721e+06,1.47097e+08,5,23845,0,37.646,9,0,0.05,1,10000,./Generate_PSMC/sim_0797.psmc
2,3.13721e+06,1.47097e+08,5,22720,0,80.493,9,0,0.05,1,10000,./Generate_PSMC/sim_0797.psmc
3,3.13721e+06,1.47097e+08,5,23910,0,124.199,9,0,0.05,1,10000,./Generate_PSMC/sim_0797.psmc
4,3.13721e+06,1.47097e+08,5,22188,0,166.247,9,0,0.05,1,10000,./Generate_PSMC/sim_0797.psmc
5,3.13721e+06,1.47097e+08,5,25600,0,214.738,9,0,0.05,1,10000,./Generate_PSMC/sim_0797.psmc
