SEP=,
id,d_omega,d_visual,rounds,evaluations,failed evals,duration,inf. n,inf. t0,inf. M0,inf. s0,inf. N_ref,source filename
1,3.17144e+07,1.49756e+07,5,73444,0,137.349,3,0,0.0557887,1,9999.69,./Generate_PSMC/sim_0806.psmc
2,3.17145e+07,1.49756e+07,5,72952,0,266.732,3,0,0.0557884,1,9999.65,./Generate_PSMC/sim_0806.psmc
3,3.1714e+07,1.49761e+07,5,77200,0,412.08,3,0,0.055794,1,9999.98,./Generate_PSMC/sim_0806.psmc
4,3.17147e+07,1.49757e+07,5,70466,0,542.992,3,0,0.0557878,1,9999.54,./Generate_PSMC/sim_0806.psmc
5,3.17148e+07,1.49757e+07,5,82071,0,664.179,3,0,0.0557876,1,9999.51,./Generate_PSMC/sim_0806.psmc
