SEP=,
id,d_omega,d_visual,rounds,evaluations,failed evals,duration,inf. n,inf. t0,inf. M0,inf. s0,inf. N_ref,source filename
1,3.00605e+07,1.09813e+07,5,100659,0,185,5,0,0.188194,1,9994.68,./Generate_PSMC/sim_0870.psmc
2,3.00596e+07,1.09815e+07,5,104689,0,379.976,5,0,0.188215,1,9995.5,./Generate_PSMC/sim_0870.psmc
3,3.00576e+07,1.09816e+07,5,87668,0,543.607,5,0,0.188252,1,9997.24,./Generate_PSMC/sim_0870.psmc
4,3.00556e+07,1.09818e+07,5,82467,0,635.746,5,0,0.188293,1,9999.05,./Generate_PSMC/sim_0870.psmc
5,3.00603e+07,1.09835e+07,5,103728,0,746.037,5,0,0.188305,1,9998.07,./Generate_PSMC/sim_0870.psmc
