SEP=,
id,d_omega,d_visual,rounds,evaluations,failed evals,duration,inf. n,inf. t0,inf. M0,inf. s0,inf. N_ref,source filename
1,17.4007,6.41909e+06,5,21942,0,38.134,6,0,0.0641737,1,100.113,./Generate_PSMC/sim_0344.psmc
2,17.401,6.42366e+06,5,27093,0,85.122,6,0,0.0642723,1,100.101,./Generate_PSMC/sim_0344.psmc
3,17.4007,6.41888e+06,5,30110,0,137.367,6,0,0.0641688,1,100.115,./Generate_PSMC/sim_0344.psmc
4,17.4008,6.42154e+06,5,24973,0,177.99,6,0,0.0642234,1,100.106,./Generate_PSMC/sim_0344.psmc
5,17.4007,6.42089e+06,5,20803,0,214.073,6,0,0.0642143,1,100.113,./Generate_PSMC/sim_0344.psmc
