SEP=,
id,d_omega,d_visual,rounds,evaluations,failed evals,duration,inf. n,inf. t0,inf. M0,inf. s0,inf. N_ref,source filename
1,3.69164e+07,1.28507e+07,5,95203,0,179.921,4,0,0.12154,1,9997.16,./Generate_PSMC/sim_0712.psmc
2,3.69165e+07,1.28507e+07,5,91076,0,355.683,4,0,0.121539,1,9997.14,./Generate_PSMC/sim_0712.psmc
3,3.69125e+07,1.28507e+07,5,93086,0,535.432,4,0,0.121577,1,9999.85,./Generate_PSMC/sim_0712.psmc
4,3.69145e+07,1.28507e+07,5,81874,0,692.083,4,0,0.121558,1,9998.46,./Generate_PSMC/sim_0712.psmc
5,3.69124e+07,1.28507e+07,5,89372,0,842.085,4,0,0.121577,1,9999.9,./Generate_PSMC/sim_0712.psmc
