SEP=,
id,d_omega,d_visual,rounds,evaluations,failed evals,duration,inf. n,inf. t0,inf. M0,inf. s0,inf. N_ref,source filename
1,2.01263e+06,6.25675e+07,5,38338,0,64.561,6,0,0.0539458,1,10000,./Generate_PSMC/sim_0658.psmc
2,2.01268e+06,6.25693e+07,5,37493,0,133.657,6,0,0.0539407,1,9999.1,./Generate_PSMC/sim_0658.psmc
3,2.01264e+06,6.25679e+07,5,36480,0,200.919,6,0,0.0539447,1,9999.81,./Generate_PSMC/sim_0658.psmc
4,2.0127e+06,6.25704e+07,5,38210,0,271.5,6,0,0.0539377,1,9998.58,./Generate_PSMC/sim_0658.psmc
5,2.01265e+06,6.25682e+07,5,41439,0,347.936,6,0,0.0539439,1,9999.66,./Generate_PSMC/sim_0658.psmc
