SEP=,
id,d_omega,d_visual,rounds,evaluations,failed evals,duration,inf. n,inf. t0,inf. M0,inf. s0,inf. N_ref,source filename
1,4.99759e+06,1.8551e+08,5,29863,0,55.943,13,0,0.0535232,1,9998.04,./Generate_PSMC/sim_0853.psmc
2,4.98762e+06,1.81596e+08,5,30342,0,112.95,12,0,0.05,1,10000,./Generate_PSMC/sim_0853.psmc
3,4.99761e+06,1.85006e+08,5,28457,0,163.425,13,0,0.0537414,1,10000,./Generate_PSMC/sim_0853.psmc
4,4.98762e+06,1.81596e+08,5,30331,0,205.521,12,0,0.05,1,10000,./Generate_PSMC/sim_0853.psmc
5,5.00118e+06,1.85716e+08,5,30628,0,262.481,13,0,0.053351,1,9967.5,./Generate_PSMC/sim_0853.psmc
