SEP=,
id,d_omega,d_visual,rounds,evaluations,failed evals,duration,inf. n,inf. t0,inf. M0,inf. s0,inf. N_ref,source filename
1,10.9944,15552.8,5,21378,0,37.141,3,0,1.01646,1,120.147,./Generate_PSMC/sim_0022.psmc
2,10.9945,15497.1,5,20136,0,69.551,3,0,1.01643,1,120.154,./Generate_PSMC/sim_0022.psmc
3,10.994,15666.4,5,20886,0,105.343,3,0,1.01671,1,120.094,./Generate_PSMC/sim_0022.psmc
4,10.9945,15511.7,5,22148,0,143.323,3,0,1.01643,1,120.154,./Generate_PSMC/sim_0022.psmc
5,10.9938,15797.9,5,19598,0,176.844,3,0,1.01707,1,120.064,./Generate_PSMC/sim_0022.psmc
