SEP=,
id,d_omega,d_visual,rounds,evaluations,failed evals,duration,inf. n,inf. t0,inf. M0,inf. s0,inf. N_ref,source filename
1,3.17681,1035.66,5,24491,0,42.093,4,0,2.98762,1,100.004,./Generate_PSMC/sim_0099.psmc
2,3.17687,1043.49,5,33686,0,99.88,4,0,2.98879,1,100.01,./Generate_PSMC/sim_0099.psmc
3,3.17679,1039.88,5,32455,0,155.585,4,0,2.98706,1,100,./Generate_PSMC/sim_0099.psmc
4,3.17676,1037.72,5,28259,0,204.16,4,0,2.98658,1,99.9976,./Generate_PSMC/sim_0099.psmc
5,3.17681,1039.76,5,29070,0,254.106,4,0,2.98727,1,100.001,./Generate_PSMC/sim_0099.psmc
