SEP=,
id,d_omega,d_visual,rounds,evaluations,failed evals,duration,inf. n,inf. t0,inf. M0,inf. s0,inf. N_ref,source filename
1,4.6512,2.16388e+06,5,42196,0,71.804,3,0,0.0956521,1,100.14,./Generate_PSMC/sim_0044.psmc
2,4.65122,2.16454e+06,5,27770,0,114.801,3,0,0.0957241,1,100.131,./Generate_PSMC/sim_0044.psmc
3,4.65116,2.16402e+06,5,36900,0,178.356,3,0,0.0956646,1,100.136,./Generate_PSMC/sim_0044.psmc
4,4.65123,2.16372e+06,5,37911,0,243.624,3,0,0.0956384,1,100.142,./Generate_PSMC/sim_0044.psmc
5,4.65117,2.16412e+06,5,33207,0,300.777,3,0,0.0956692,1,100.134,./Generate_PSMC/sim_0044.psmc
