SEP=,
id,d_omega,d_visual,rounds,evaluations,failed evals,duration,inf. n,inf. t0,inf. M0,inf. s0,inf. N_ref,source filename
1,5.75547,2416.72,5,24708,0,42.561,3,0,2.05301,1,96.1646,./Generate_PSMC/sim_0012.psmc
2,5.75544,2435.17,5,26967,0,89.043,3,0,2.04628,1,96.1,./Generate_PSMC/sim_0012.psmc
3,5.75545,2433.27,5,27415,0,136.321,3,0,2.04654,1,96.1026,./Generate_PSMC/sim_0012.psmc
4,5.75544,2434.4,5,25893,0,180.963,3,0,2.04634,1,96.1007,./Generate_PSMC/sim_0012.psmc
5,5.75547,2428.32,5,25987,0,225.761,3,0,2.04747,1,96.1115,./Generate_PSMC/sim_0012.psmc
