SEP=,
id,d_omega,d_visual,rounds,evaluations,failed evals,duration,inf. n,inf. t0,inf. M0,inf. s0,inf. N_ref,source filename
1,3.5336e+06,4.84204e+06,5,64430,0,119.032,5,0,1.47811,1,9999.01,./Generate_PSMC/sim_0562.psmc
2,3.64014e+06,4.09296e+06,5,59261,0,225.258,6,0,1.47869,1,8146.45,./Generate_PSMC/sim_0562.psmc
3,3.53359e+06,4.84053e+06,5,73736,0,362.982,5,0,1.47816,1,9999.05,./Generate_PSMC/sim_0562.psmc
4,3.53344e+06,4.84088e+06,5,68805,0,491.817,5,0,1.47834,1,9999.52,./Generate_PSMC/sim_0562.psmc
5,3.53343e+06,4.84101e+06,5,75182,0,632.271,5,0,1.47836,1,9999.57,./Generate_PSMC/sim_0562.psmc
