SEP=,
id,d_omega,d_visual,rounds,evaluations,failed evals,duration,inf. n,inf. t0,inf. M0,inf. s0,inf. N_ref,source filename
1,170.161,8.72498e+06,5,14842,0,26.86,12,0,0.0503279,1,108.62,./Generate_PSMC/sim_0424.psmc
2,170.164,8.66513e+06,5,14913,0,54.071,12,0,0.05,1,108.873,./Generate_PSMC/sim_0424.psmc
3,170.162,8.72516e+06,5,15262,0,81.982,12,0,0.0503117,1,108.587,./Generate_PSMC/sim_0424.psmc
4,170.164,8.72226e+06,5,15361,0,110.145,12,0,0.050475,1,108.922,./Generate_PSMC/sim_0424.psmc
5,170.162,8.72481e+06,5,16949,0,141.103,12,0,0.0503122,1,108.588,./Generate_PSMC/sim_0424.psmc
