SEP=,
id,d_omega,d_visual,rounds,evaluations,failed evals,duration,inf. n,inf. t0,inf. M0,inf. s0,inf. N_ref,source filename
1,3.45555e+06,5.01009e+06,5,56368,0,103.977,3,0,0.58549,1,9999.73,./Generate_PSMC/sim_0281.psmc
2,3.45575e+06,5.00936e+06,5,49559,0,195.919,3,0,0.585419,1,9998.79,./Generate_PSMC/sim_0281.psmc
3,3.45654e+06,5.00691e+06,5,60110,0,304.572,3,0,0.584806,1,9995.52,./Generate_PSMC/sim_0281.psmc
4,3.45565e+06,5.00944e+06,5,53001,0,395.553,3,0,0.58539,1,9999.35,./Generate_PSMC/sim_0281.psmc
5,3.45559e+06,5.00715e+06,5,64009,0,512.473,3,0,0.585178,1,9999.98,./Generate_PSMC/sim_0281.psmc
