SEP=,
id,d_omega,d_visual,rounds,evaluations,failed evals,duration,inf. n,inf. t0,inf. M0,inf. s0,inf. N_ref,source filename
1,240.38,3.06708e+06,5,14346,0,25.109,5,0,0.0716487,1,136.805,./Generate_PSMC/sim_0463.psmc
2,240.379,3.06715e+06,5,13993,0,49.378,5,0,0.071451,1,136.454,./Generate_PSMC/sim_0463.psmc
3,240.369,3.03559e+06,5,14531,0,74.551,5,0,0.0714157,1,137.889,./Generate_PSMC/sim_0463.psmc
4,240.387,3.10065e+06,5,14496,0,97.945,6,0,0.0932253,1,138.015,./Generate_PSMC/sim_0463.psmc
5,240.379,3.06696e+06,5,14600,0,118.396,5,0,0.0715907,1,136.702,./Generate_PSMC/sim_0463.psmc
