SEP=,
id,d_omega,d_visual,rounds,evaluations,failed evals,duration,inf. n,inf. t0,inf. M0,inf. s0,inf. N_ref,source filename
1,26.6369,5.334e+07,5,19809,0,32.266,38,0,0.05,1,98.9936,./Generate_PSMC/sim_0275.psmc
2,26.6389,5.36754e+07,5,21495,0,70.533,37,0,0.05,1,98.9998,./Generate_PSMC/sim_0275.psmc
3,26.6375,5.33338e+07,5,28739,0,121.82,38,0,0.05,1,99.0372,./Generate_PSMC/sim_0275.psmc
4,26.637,5.33377e+07,5,16597,0,151.739,38,0,0.05,1,99.0138,./Generate_PSMC/sim_0275.psmc
5,26.6376,5.33325e+07,5,21199,0,189.675,38,0,0.05,1,99.0443,./Generate_PSMC/sim_0275.psmc
