SEP=,
id,d_omega,d_visual,rounds,evaluations,failed evals,duration,inf. n,inf. t0,inf. M0,inf. s0,inf. N_ref,source filename
1,2.46862e+06,4.22904e+06,5,35291,0,65.551,3,0,0.410719,1,8449,./Generate_PSMC/sim_0058.psmc
2,2.46858e+06,4.23076e+06,5,30049,0,121.341,3,0,0.410836,1,8449.51,./Generate_PSMC/sim_0058.psmc
3,2.46862e+06,4.22836e+06,5,32699,0,182.086,3,0,0.410363,1,8443.35,./Generate_PSMC/sim_0058.psmc
4,2.46862e+06,4.23525e+06,5,35088,0,243.286,3,0,0.412009,1,8466.45,./Generate_PSMC/sim_0058.psmc
5,2.46857e+06,4.23183e+06,5,36230,0,309.365,3,0,0.41112,1,8453.58,./Generate_PSMC/sim_0058.psmc
