SEP=,
id,d_omega,d_visual,rounds,evaluations,failed evals,duration,inf. n,inf. t0,inf. M0,inf. s0,inf. N_ref,source filename
1,15.1256,1.67928e+08,5,21734,0,38.723,53,0,0.05,1,98.4593,./Generate_PSMC/sim_0584.psmc
2,15.1274,1.68446e+08,5,33002,0,97.459,51,0,0.05,1,98.4102,./Generate_PSMC/sim_0584.psmc
3,15.1271,1.67679e+08,5,33570,0,157.216,54,0,0.05,1,98.4814,./Generate_PSMC/sim_0584.psmc
4,15.1451,1.66764e+08,5,30394,0,211.242,58,0,0.05,1,98.4093,./Generate_PSMC/sim_0584.psmc
5,15.1259,1.68173e+08,5,20695,0,248.052,52,0,0.05,1,98.4983,./Generate_PSMC/sim_0584.psmc
