SEP=,
id,d_omega,d_visual,rounds,evaluations,failed evals,duration,inf. n,inf. t0,inf. M0,inf. s0,inf. N_ref,source filename
1,7.79144e+07,3.24274e+07,5,144424,0,254.984,5,0,0.0604673,1,9988.69,./Generate_PSMC/sim_0544.psmc
2,7.79116e+07,3.24272e+07,5,138028,0,490.353,5,0,0.0604783,1,9990.4,./Generate_PSMC/sim_0544.psmc
3,7.79326e+07,3.2419e+07,5,148168,0,765.562,5,0,0.0604622,1,9983.86,./Generate_PSMC/sim_0544.psmc
4,7.79002e+07,3.24267e+07,5,148329,0,1041.5,5,0,0.0605234,1,9997.41,./Generate_PSMC/sim_0544.psmc
5,7.78991e+07,3.24266e+07,5,158234,0,1335.19,5,0,0.0605275,1,9998.04,./Generate_PSMC/sim_0544.psmc
