SEP=,
id,d_omega,d_visual,rounds,evaluations,failed evals,duration,inf. n,inf. t0,inf. M0,inf. s0,inf. N_ref,source filename
1,3.614e+06,4.48667e+06,5,56534,0,98.658,5,0,1.09208,1,9160.16,./Generate_PSMC/sim_0642.psmc
2,3.61392e+06,4.48477e+06,5,52434,0,196.369,5,0,1.09073,1,9155.45,./Generate_PSMC/sim_0642.psmc
3,3.6138e+06,4.48297e+06,5,58549,0,305.526,5,0,1.08865,1,9148.22,./Generate_PSMC/sim_0642.psmc
4,3.61395e+06,4.4856e+06,5,52185,0,402.886,5,0,1.09112,1,9156.81,./Generate_PSMC/sim_0642.psmc
5,3.61422e+06,4.49066e+06,5,63724,0,518.52,5,0,1.0961,1,9174.05,./Generate_PSMC/sim_0642.psmc
