SEP=,
id,d_omega,d_visual,rounds,evaluations,failed evals,duration,inf. n,inf. t0,inf. M0,inf. s0,inf. N_ref,source filename
1,3.5588e+07,1.47873e+07,5,120677,0,228.465,5,0,0.118207,1,9994.68,./Generate_PSMC/sim_0812.psmc
2,3.55917e+07,1.47873e+07,5,123734,0,462.575,5,0,0.118169,1,9991.82,./Generate_PSMC/sim_0812.psmc
3,3.5589e+07,1.47873e+07,5,110553,0,671.823,5,0,0.118197,1,9993.94,./Generate_PSMC/sim_0812.psmc
4,3.55864e+07,1.47873e+07,5,118231,0,892.256,5,0,0.118223,1,9995.89,./Generate_PSMC/sim_0812.psmc
5,3.55859e+07,1.47873e+07,5,119861,0,1109.54,5,0,0.118228,1,9996.32,./Generate_PSMC/sim_0812.psmc
