SEP=,
id,d_omega,d_visual,rounds,evaluations,failed evals,duration,inf. n,inf. t0,inf. M0,inf. s0,inf. N_ref,source filename
1,3.40179e+06,1.23536e+08,5,41103,0,76.788,10,0,0.0513733,1,10000,./Generate_PSMC/sim_0803.psmc
2,3.40247e+06,1.23562e+08,5,41025,0,153.114,10,0,0.0513377,1,9992.1,./Generate_PSMC/sim_0803.psmc
3,3.4018e+06,1.23526e+08,5,41456,0,230.291,10,0,0.0513782,1,9999.55,./Generate_PSMC/sim_0803.psmc
4,3.40184e+06,1.23529e+08,5,41531,0,305.425,10,0,0.0513758,1,9999.14,./Generate_PSMC/sim_0803.psmc
5,3.40176e+06,1.23525e+08,5,42157,0,384.588,10,0,0.0513804,1,10000,./Generate_PSMC/sim_0803.psmc
