SEP=,
id,d_omega,d_visual,rounds,evaluations,failed evals,duration,inf. n,inf. t0,inf. M0,inf. s0,inf. N_ref,source filename
1,3.26044e+06,4.12005e+06,5,68989,0,129.487,6,0,1.4573,1,8315.36,./Generate_PSMC/sim_0643.psmc
2,3.26032e+06,4.11759e+06,5,66132,0,252.616,6,0,1.45086,1,8302.39,./Generate_PSMC/sim_0643.psmc
3,3.22428e+06,4.84795e+06,5,79427,0,401.77,5,0,1.36663,1,9984.51,./Generate_PSMC/sim_0643.psmc
4,3.21855e+06,4.85004e+06,5,75086,0,542.879,5,0,1.372,1,9998.42,./Generate_PSMC/sim_0643.psmc
5,3.21814e+06,4.85067e+06,5,60261,0,652.953,5,0,1.37239,1,9999.41,./Generate_PSMC/sim_0643.psmc
