SEP=,
id,d_omega,d_visual,rounds,evaluations,failed evals,duration,inf. n,inf. t0,inf. M0,inf. s0,inf. N_ref,source filename
1,4098.22,60107.4,5,49976,0,90.68,6,0,1.27985,1,262.141,./Generate_PSMC/sim_0216.psmc
2,4098.34,60078,5,45517,0,173.091,6,0,1.27702,1,261.917,./Generate_PSMC/sim_0216.psmc
3,4098.3,60148.2,5,46348,0,256.988,6,0,1.27778,1,261.977,./Generate_PSMC/sim_0216.psmc
4,4098.24,60165.5,5,46767,0,330.948,6,0,1.27873,1,262.053,./Generate_PSMC/sim_0216.psmc
5,4098.22,60189.6,5,44287,0,412.071,6,0,1.27981,1,262.138,./Generate_PSMC/sim_0216.psmc
