SEP=,
id,d_omega,d_visual,rounds,evaluations,failed evals,duration,inf. n,inf. t0,inf. M0,inf. s0,inf. N_ref,source filename
1,32.8372,1.73517e+08,5,22007,0,38.34,96,0,0.05,1,98.6723,./Generate_PSMC/sim_0589.psmc
2,32.8418,1.72648e+08,5,15314,0,65.048,101,0,0.05,1,98.6654,./Generate_PSMC/sim_0589.psmc
3,32.8361,1.73354e+08,5,16029,0,93.028,97,0,0.05,1,98.6191,./Generate_PSMC/sim_0589.psmc
4,32.8378,1.72989e+08,5,15363,0,119.832,99,0,0.05,1,98.67,./Generate_PSMC/sim_0589.psmc
5,32.8361,1.73177e+08,5,19086,0,153.112,98,0,0.05,1,98.6149,./Generate_PSMC/sim_0589.psmc
