SEP=,
id,d_omega,d_visual,rounds,evaluations,failed evals,duration,inf. n,inf. t0,inf. M0,inf. s0,inf. N_ref,source filename
1,840285,1.32006e+07,5,38734,0,72.517,4,0,0.123948,1,9996.98,./Generate_PSMC/sim_0712.psmc
2,840321,1.32004e+07,5,38657,0,145.163,4,0,0.123842,1,9989.44,./Generate_PSMC/sim_0712.psmc
3,840288,1.32006e+07,5,40180,0,220.516,4,0,0.12394,1,9996.37,./Generate_PSMC/sim_0712.psmc
4,840432,1.31997e+07,5,36766,0,289.503,4,0,0.123507,1,9965.59,./Generate_PSMC/sim_0712.psmc
5,840330,1.32004e+07,5,36598,0,358.082,4,0,0.123813,1,9987.38,./Generate_PSMC/sim_0712.psmc
