SEP=,
id,d_omega,d_visual,rounds,evaluations,failed evals,duration,inf. n,inf. t0,inf. M0,inf. s0,inf. N_ref,source filename
1,79782.9,832491,5,44106,0,81.416,6,0,1.17059,1,1770.39,./Generate_PSMC/sim_0567.psmc
2,79783.1,831793,5,38919,0,149.988,6,0,1.17196,1,1771.24,./Generate_PSMC/sim_0567.psmc
3,79783,832060,5,39511,0,222.82,6,0,1.1716,1,1771.02,./Generate_PSMC/sim_0567.psmc
4,79783.2,832199,5,38603,0,293.998,6,0,1.17217,1,1771.37,./Generate_PSMC/sim_0567.psmc
5,79785.1,832616,5,40479,0,368.648,6,0,1.17793,1,1774.9,./Generate_PSMC/sim_0567.psmc
