SEP=,
id,d_omega,d_visual,rounds,evaluations,failed evals,duration,inf. n,inf. t0,inf. M0,inf. s0,inf. N_ref,source filename
1,138622,1.72303e+06,5,26538,0,49.211,6,0,0.584961,1,2085.37,./Generate_PSMC/sim_0291.psmc
2,138621,1.72479e+06,5,28769,0,101.785,6,0,0.587324,1,2090.38,./Generate_PSMC/sim_0291.psmc
3,138622,1.72762e+06,5,31907,0,160.697,6,0,0.598622,1,2114.1,./Generate_PSMC/sim_0291.psmc
4,138620,1.72443e+06,5,27517,0,211.518,6,0,0.590047,1,2096.13,./Generate_PSMC/sim_0291.psmc
5,138621,1.72597e+06,5,24746,0,257.244,6,0,0.595547,1,2107.68,./Generate_PSMC/sim_0291.psmc
